baodanang.vn,"HTTPSConnectionPool(host='baodanang.vn', port=443): Max retries exceeded with url: / (Caused by SSLError(SSLError(1, '[SSL: WRONG_SIGNATURE_TYPE] wrong signature type (_ssl.c:1129)')))","HTTPSConnectionPool(host='baodanang.vn', port=443): Max retries exceeded with url: / (Caused by SSLError(SSLError(1, '[SSL: WRONG_SIGNATURE_TYPE] wrong signature type (_ssl.c:1129)')))"
baodantoc.vn,"HTTPSConnectionPool(host='baodantoc.vn', port=443): Read timed out. (read timeout=2)","HTTPSConnectionPool(host='baodantoc.vn', port=443): Read timed out. (read timeout=2)"
baogialai.com.vn,"HTTPSConnectionPool(host='baogialai.com.vn', port=443): Max retries exceeded with url: / (Caused by SSLError(SSLError(1, '[SSL: DH_KEY_TOO_SMALL] dh key too small (_ssl.c:1129)')))","HTTPSConnectionPool(host='baogialai.com.vn', port=443): Max retries exceeded with url: / (Caused by SSLError(SSLError(1, '[SSL: DH_KEY_TOO_SMALL] dh key too small (_ssl.c:1129)')))"
baophuyen.com.vn,"HTTPSConnectionPool(host='baophuyen.com.vn', port=443): Max retries exceeded with url: / (Caused by SSLError(SSLCertVerificationError(""hostname 'baophuyen.com.vn' doesn't match either of 'vkspy.gov.vn', 'www.vkspy.gov.vn'"")))","HTTPConnectionPool(host='baophuyen.com.vn', port=80): Read timed out. (read timeout=2)"
baotintuc.vn,"HTTPSConnectionPool(host='baotintuc.vn', port=443): Max retries exceeded with url: / (Caused by ConnectTimeoutError(<urllib3.connection.HTTPSConnection object at 0x7f410fa00dc0>, 'Connection to baotintuc.vn timed out. (connect timeout=2)'))","HTTPConnectionPool(host='baotintuc.vn', port=80): Max retries exceeded with url: / (Caused by ConnectTimeoutError(<urllib3.connection.HTTPConnection object at 0x7f4110c5ec10>, 'Connection to baotintuc.vn timed out. (connect timeout=2)'))"
baovanhoa.vn,"HTTPSConnectionPool(host='baovanhoa.vn', port=443): Max retries exceeded with url: / (Caused by ConnectTimeoutError(<urllib3.connection.HTTPSConnection object at 0x7f410f84ea90>, 'Connection to baovanhoa.vn timed out. (connect timeout=2)'))","HTTPConnectionPool(host='baovanhoa.vn', port=80): Read timed out."
bappenas.go.id,"HTTPSConnectionPool(host='www.bappenas.go.id', port=443): Read timed out. (read timeout=2)","HTTPSConnectionPool(host='www.bappenas.go.id', port=443): Read timed out. (read timeout=2)"
bartofil.com.br,"HTTPSConnectionPool(host='bartofil.com.br', port=443): Max retries exceeded with url: / (Caused by SSLError(SSLCertVerificationError(1, '[SSL: CERTIFICATE_VERIFY_FAILED] certificate verify failed: unable to get local issuer certificate (_ssl.c:1129)')))","HTTPSConnectionPool(host='www.bartofil.com.br', port=443): Max retries exceeded with url: /site/ (Caused by SSLError(SSLCertVerificationError(1, '[SSL: CERTIFICATE_VERIFY_FAILED] certificate verify failed: unable to get local issuer certificate (_ssl.c:1129)')))"
bashinform.ru,"HTTPSConnectionPool(host='bashinform.ru', port=443): Read timed out. (read timeout=2)","HTTPSConnectionPool(host='bashinform.ru', port=443): Read timed out. (read timeout=2)"
baskenthastaneleri.com,"HTTPSConnectionPool(host='baskenthastaneleri.com', port=443): Max retries exceeded with url: / (Caused by SSLError(SSLCertVerificationError(""hostname 'baskenthastaneleri.com' doesn't match either of '*.baskent.edu.tr', 'baskent.edu.tr'"")))","HTTPSConnectionPool(host='baskenthastaneleri.com', port=443): Max retries exceeded with url: / (Caused by SSLError(SSLCertVerificationError(""hostname 'baskenthastaneleri.com' doesn't match either of '*.baskent.edu.tr', 'baskent.edu.tr'"")))"
bau.edu.jo,"HTTPSConnectionPool(host='bau.edu.jo', port=443): Max retries exceeded with url: / (Caused by SSLError(SSLCertVerificationError(1, '[SSL: CERTIFICATE_VERIFY_FAILED] certificate verify failed: unable to get local issuer certificate (_ssl.c:1129)')))","HTTPSConnectionPool(host='bau.edu.jo', port=443): Max retries exceeded with url: / (Caused by SSLError(SSLCertVerificationError(1, '[SSL: CERTIFICATE_VERIFY_FAILED] certificate verify failed: unable to get local issuer certificate (_ssl.c:1129)')))"
bauhaus.com.tr,"HTTPSConnectionPool(host='bauhaus.com.tr', port=443): Max retries exceeded with url: / (Caused by ConnectTimeoutError(<urllib3.connection.HTTPSConnection object at 0x7f410e20bc40>, 'Connection to bauhaus.com.tr timed out. (connect timeout=2)'))","HTTPConnectionPool(host='bauhaus.com.tr', port=80): Max retries exceeded with url: / (Caused by ConnectTimeoutError(<urllib3.connection.HTTPConnection object at 0x7f410e585df0>, 'Connection to bauhaus.com.tr timed out. (connect timeout=2)'))"
baytdz.com,"HTTPSConnectionPool(host='baytdz.com', port=443): Read timed out. (read timeout=2)","HTTPSConnectionPool(host='baytdz.com', port=443): Read timed out. (read timeout=2)"
bayynat.org,"HTTPSConnectionPool(host='bayynat.org', port=443): Max retries exceeded with url: / (Caused by NewConnectionError('<urllib3.connection.HTTPSConnection object at 0x7f410d5efee0>: Failed to establish a new connection: [Errno -5] No address associated with hostname'))","HTTPConnectionPool(host='bayynat.org', port=80): Max retries exceeded with url: / (Caused by NewConnectionError('<urllib3.connection.HTTPConnection object at 0x7f410dfc3850>: Failed to establish a new connection: [Errno -5] No address associated with hostname'))"
bb.com.br,"HTTPSConnectionPool(host='bb.com.br', port=443): Max retries exceeded with url: / (Caused by SSLError(SSLCertVerificationError(1, '[SSL: CERTIFICATE_VERIFY_FAILED] certificate verify failed: unable to get local issuer certificate (_ssl.c:1129)')))","HTTPSConnectionPool(host='bb.com.br', port=443): Max retries exceeded with url: / (Caused by SSLError(SSLCertVerificationError(1, '[SSL: CERTIFICATE_VERIFY_FAILED] certificate verify failed: unable to get local issuer certificate (_ssl.c:1129)')))"
bce.fin.ec,"HTTPSConnectionPool(host='bce.fin.ec', port=443): Max retries exceeded with url: / (Caused by NewConnectionError('<urllib3.connection.HTTPSConnection object at 0x7f41102fd970>: Failed to establish a new connection: [Errno -5] No address associated with hostname'))","HTTPConnectionPool(host='bce.fin.ec', port=80): Max retries exceeded with url: / (Caused by NewConnectionError('<urllib3.connection.HTTPConnection object at 0x7f410d212940>: Failed to establish a new connection: [Errno -5] No address associated with hostname'))"
bci.cl,"HTTPSConnectionPool(host='bci.cl', port=443): Read timed out. (read timeout=2)","HTTPConnectionPool(host='www.bci.cl', port=80): Read timed out. (read timeout=2)"
bcr.gob.sv,"HTTPSConnectionPool(host='bcr.gob.sv', port=443): Max retries exceeded with url: / (Caused by NewConnectionError('<urllib3.connection.HTTPSConnection object at 0x7f410ffbd070>: Failed to establish a new connection: [Errno -5] No address associated with hostname'))","HTTPConnectionPool(host='bcr.gob.sv', port=80): Max retries exceeded with url: / (Caused by NewConnectionError('<urllib3.connection.HTTPConnection object at 0x7f410d5ef760>: Failed to establish a new connection: [Errno -5] No address associated with hostname'))"
bcu.gub.uy,"HTTPSConnectionPool(host='bcu.gub.uy', port=443): Max retries exceeded with url: / (Caused by ConnectTimeoutError(<urllib3.connection.HTTPSConnection object at 0x7f410dfc3220>, 'Connection to bcu.gub.uy timed out. (connect timeout=2)'))","HTTPConnectionPool(host='bcu.gub.uy', port=80): Max retries exceeded with url: / (Caused by ConnectTimeoutError(<urllib3.connection.HTTPConnection object at 0x7f410d6fc880>, 'Connection to bcu.gub.uy timed out. (connect timeout=2)'))"
be-in.ru,"HTTPSConnectionPool(host='www.be-in.ru', port=443): Read timed out. (read timeout=2)","HTTPSConnectionPool(host='www.be-in.ru', port=443): Read timed out. (read timeout=2)"
bedrijvenpagina.nl,"HTTPSConnectionPool(host='bedrijvenpagina.nl', port=443): Max retries exceeded with url: / (Caused by SSLError(SSLCertVerificationError(""hostname 'bedrijvenpagina.nl' doesn't match either of '*.mediatrend2.nl', 'mediatrend2.nl'"")))","HTTPSConnectionPool(host='www.bedrijvenpagina.nl', port=443): Read timed out. (read timeout=2)"
beeline.ru,"HTTPSConnectionPool(host='beeline.ru', port=443): Read timed out. (read timeout=2)","HTTPConnectionPool(host='beeline.ru', port=80): Max retries exceeded with url: / (Caused by ConnectTimeoutError(<urllib3.connection.HTTPConnection object at 0x7f410c100040>, 'Connection to beeline.ru timed out. (connect timeout=2)'))"
beer-sheva.muni.il,"HTTPSConnectionPool(host='beer-sheva.muni.il', port=443): Max retries exceeded with url: / (Caused by ConnectTimeoutError(<urllib3.connection.HTTPSConnection object at 0x7f410f8c5520>, 'Connection to beer-sheva.muni.il timed out. (connect timeout=2)'))","HTTPConnectionPool(host='beer-sheva.muni.il', port=80): Max retries exceeded with url: / (Caused by ConnectTimeoutError(<urllib3.connection.HTTPConnection object at 0x7f410fa07ca0>, 'Connection to beer-sheva.muni.il timed out. (connect timeout=2)'))"
belbalady.net,"HTTPSConnectionPool(host='belbalady.net', port=443): Read timed out. (read timeout=2)","HTTPConnectionPool(host='belbalady.net', port=80): Read timed out. (read timeout=2)"
belex.rs,"HTTPSConnectionPool(host='belex.rs', port=443): Max retries exceeded with url: / (Caused by NewConnectionError('<urllib3.connection.HTTPSConnection object at 0x7f410a520880>: Failed to establish a new connection: [Errno -5] No address associated with hostname'))","HTTPConnectionPool(host='belex.rs', port=80): Max retries exceeded with url: / (Caused by NewConnectionError('<urllib3.connection.HTTPConnection object at 0x7f410a8208e0>: Failed to establish a new connection: [Errno -5] No address associated with hostname'))"
belgiantrain.be,"HTTPSConnectionPool(host='belgiantrain.be', port=443): Max retries exceeded with url: / (Caused by SSLError(SSLCertVerificationError(1, '[SSL: CERTIFICATE_VERIFY_FAILED] certificate verify failed: unable to get local issuer certificate (_ssl.c:1129)')))","HTTPSConnectionPool(host='www.belgiantrain.be', port=443): Max retries exceeded with url: / (Caused by SSLError(SSLCertVerificationError(1, '[SSL: CERTIFICATE_VERIFY_FAILED] certificate verify failed: unable to get local issuer certificate (_ssl.c:1129)')))"
belupo.hr,"HTTPSConnectionPool(host='belupo.hr', port=443): Max retries exceeded with url: / (Caused by NewConnectionError('<urllib3.connection.HTTPSConnection object at 0x7f4110708970>: Failed to establish a new connection: [Errno -5] No address associated with hostname'))","HTTPConnectionPool(host='belupo.hr', port=80): Max retries exceeded with url: / (Caused by NewConnectionError('<urllib3.connection.HTTPConnection object at 0x7f410a569370>: Failed to establish a new connection: [Errno -5] No address associated with hostname'))"
ben.com.vn,"HTTPSConnectionPool(host='ben.com.vn', port=443): Read timed out. (read timeout=2)","HTTPSConnectionPool(host='ben.com.vn', port=443): Read timed out. (read timeout=2)"
benesserenaturaleitalia.it,"HTTPSConnectionPool(host='benesserenaturaleitalia.it', port=443): Read timed out. (read timeout=2)","HTTPConnectionPool(host='benesserenaturaleitalia.it', port=80): Read timed out. (read timeout=2)"
beniculturali.it,"HTTPSConnectionPool(host='beniculturali.it', port=443): Max retries exceeded with url: / (Caused by NewConnectionError('<urllib3.connection.HTTPSConnection object at 0x7f410f6c9b50>: Failed to establish a new connection: [Errno -5] No address associated with hostname'))","HTTPConnectionPool(host='beniculturali.it', port=80): Max retries exceeded with url: / (Caused by NewConnectionError('<urllib3.connection.HTTPConnection object at 0x7f410f8da220>: Failed to establish a new connection: [Errno -5] No address associated with hostname'))"
beok.co.il,"HTTPSConnectionPool(host='beok.co.il', port=443): Read timed out. (read timeout=2)","HTTPSConnectionPool(host='www.beok.co.il', port=443): Read timed out. (read timeout=2)"
beritajakarta.id,"HTTPSConnectionPool(host='www.beritajakarta.id', port=443): Read timed out. (read timeout=2)","HTTPSConnectionPool(host='www.beritajakarta.id', port=443): Read timed out. (read timeout=2)"
beritajatim.com,"HTTPSConnectionPool(host='beritajatim.com', port=443): Read timed out. (read timeout=2)","HTTPConnectionPool(host='beritajatim.com', port=80): Read timed out. (read timeout=2)"
besedilo.si,"HTTPSConnectionPool(host='www.besedilo.si', port=443): Read timed out.","HTTPSConnectionPool(host='www.besedilo.si', port=443): Read timed out."
besiktaskultursanat.com,"HTTPSConnectionPool(host='besiktaskultursanat.com', port=443): Max retries exceeded with url: / (Caused by NewConnectionError('<urllib3.connection.HTTPSConnection object at 0x7f41103ba310>: Failed to establish a new connection: [Errno 111] Connection refused'))","HTTPConnectionPool(host='besiktaskultursanat.com', port=80): Read timed out. (read timeout=2)"
bestbuy.ca,"HTTPSConnectionPool(host='www.bestbuy.ca', port=443): Read timed out. (read timeout=2)","HTTPSConnectionPool(host='www.bestbuy.ca', port=443): Read timed out. (read timeout=2)"
bestbyte.hu,"HTTPSConnectionPool(host='bestbyte.hu', port=443): Max retries exceeded with url: / (Caused by SSLError(SSLCertVerificationError(1, '[SSL: CERTIFICATE_VERIFY_FAILED] certificate verify failed: certificate has expired (_ssl.c:1129)')))","HTTPSConnectionPool(host='www.bestbyte.hu', port=443): Read timed out. (read timeout=2)"
bestinsingapore.com,"HTTPSConnectionPool(host='bestinsingapore.com', port=443): Read timed out. (read timeout=2)","HTTPSConnectionPool(host='bestinsingapore.com', port=443): Read timed out. (read timeout=2)"
bestplaces.net,"HTTPSConnectionPool(host='bestplaces.net', port=443): Max retries exceeded with url: / (Caused by SSLError(SSLCertVerificationError(1, '[SSL: CERTIFICATE_VERIFY_FAILED] certificate verify failed: unable to get local issuer certificate (_ssl.c:1129)')))","HTTPSConnectionPool(host='www.bestplaces.net', port=443): Max retries exceeded with url: / (Caused by SSLError(SSLCertVerificationError(1, '[SSL: CERTIFICATE_VERIFY_FAILED] certificate verify failed: unable to get local issuer certificate (_ssl.c:1129)')))"
beun.edu.tr,"HTTPSConnectionPool(host='w3.beun.edu.tr', port=443): Read timed out. (read timeout=2)","HTTPSConnectionPool(host='w3.beun.edu.tr', port=443): Read timed out. (read timeout=2)"
bezplatno.bg,"HTTPSConnectionPool(host='www.bezplatno.bg', port=443): Read timed out. (read timeout=2)","HTTPSConnectionPool(host='www.bezplatno.bg', port=443): Read timed out. (read timeout=2)"
bgfermer.bg,Exceeded 30 redirects.,Exceeded 30 redirects.
bghoteli.eu,"HTTPSConnectionPool(host='bghoteli.eu', port=443): Max retries exceeded with url: / (Caused by SSLError(SSLError(1, '[SSL: DH_KEY_TOO_SMALL] dh key too small (_ssl.c:1129)')))","HTTPSConnectionPool(host='bghoteli.eu', port=443): Max retries exceeded with url: / (Caused by SSLError(SSLError(1, '[SSL: DH_KEY_TOO_SMALL] dh key too small (_ssl.c:1129)')))"
bgvesti.net,"HTTPSConnectionPool(host='bgvesti.net', port=443): Max retries exceeded with url: / (Caused by SSLError(SSLCertVerificationError(1, '[SSL: CERTIFICATE_VERIFY_FAILED] certificate verify failed: certificate has expired (_ssl.c:1129)')))","HTTPSConnectionPool(host='www.bgvesti.net', port=443): Max retries exceeded with url: / (Caused by SSLError(SSLCertVerificationError(1, '[SSL: CERTIFICATE_VERIFY_FAILED] certificate verify failed: certificate has expired (_ssl.c:1129)')))"
biccamera.com,"HTTPSConnectionPool(host='biccamera.com', port=443): Max retries exceeded with url: / (Caused by ConnectTimeoutError(<urllib3.connection.HTTPSConnection object at 0x7f410f85f4f0>, 'Connection to biccamera.com timed out. (connect timeout=2)'))","HTTPConnectionPool(host='biccamera.com', port=80): Max retries exceeded with url: / (Caused by ConnectTimeoutError(<urllib3.connection.HTTPConnection object at 0x7f4107e5c4c0>, 'Connection to biccamera.com timed out. (connect timeout=2)'))"
biglots.com,"HTTPSConnectionPool(host='www.biglots.com', port=443): Read timed out. (read timeout=2)","HTTPConnectionPool(host='www.biglots.com', port=80): Read timed out. (read timeout=2)"
bigspravka.ru,"HTTPSConnectionPool(host='bigspravka.ru', port=443): Max retries exceeded with url: / (Caused by SSLError(SSLCertVerificationError(1, '[SSL: CERTIFICATE_VERIFY_FAILED] certificate verify failed: unable to get local issuer certificate (_ssl.c:1129)')))","HTTPSConnectionPool(host='bigspravka.ru', port=443): Max retries exceeded with url: / (Caused by SSLError(SSLCertVerificationError(1, '[SSL: CERTIFICATE_VERIFY_FAILED] certificate verify failed: unable to get local issuer certificate (_ssl.c:1129)')))"
bikebros.co.jp,"HTTPSConnectionPool(host='bikebros.co.jp', port=443): Max retries exceeded with url: / (Caused by NewConnectionError('<urllib3.connection.HTTPSConnection object at 0x7f4107e71ee0>: Failed to establish a new connection: [Errno -5] No address associated with hostname'))","HTTPConnectionPool(host='bikebros.co.jp', port=80): Max retries exceeded with url: / (Caused by NewConnectionError('<urllib3.connection.HTTPConnection object at 0x7f4108199bb0>: Failed to establish a new connection: [Errno -5] No address associated with hostname'))"
bilkent.edu.tr,"HTTPSConnectionPool(host='w3.bilkent.edu.tr', port=443): Max retries exceeded with url: /bilkent/ (Caused by SSLError(SSLCertVerificationError(1, '[SSL: CERTIFICATE_VERIFY_FAILED] certificate verify failed: unable to get local issuer certificate (_ssl.c:1129)')))","HTTPSConnectionPool(host='w3.bilkent.edu.tr', port=443): Max retries exceeded with url: /bilkent/ (Caused by SSLError(SSLCertVerificationError(1, '[SSL: CERTIFICATE_VERIFY_FAILED] certificate verify failed: unable to get local issuer certificate (_ssl.c:1129)')))"
billetreduc.com,"HTTPSConnectionPool(host='www.billetreduc.com', port=443): Max retries exceeded with url: / (Caused by SSLError(SSLError(1, '[SSL: WRONG_SIGNATURE_TYPE] wrong signature type (_ssl.c:1129)')))","HTTPSConnectionPool(host='www.billetreduc.com', port=443): Max retries exceeded with url: / (Caused by SSLError(SSLError(1, '[SSL: WRONG_SIGNATURE_TYPE] wrong signature type (_ssl.c:1129)')))"
billigvvs.dk,"HTTPSConnectionPool(host='www.billigvvs.dk', port=443): Read timed out. (read timeout=2)","HTTPSConnectionPool(host='www.billigvvs.dk', port=443): Read timed out. (read timeout=2)"
bilweb.se,"HTTPSConnectionPool(host='bilweb.se', port=443): Read timed out. (read timeout=2)","HTTPSConnectionPool(host='bilweb.se', port=443): Read timed out. (read timeout=2)"
binasss.sa.cr,"HTTPSConnectionPool(host='binasss.sa.cr', port=443): Max retries exceeded with url: / (Caused by NewConnectionError('<urllib3.connection.HTTPSConnection object at 0x7f410f80e220>: Failed to establish a new connection: [Errno -5] No address associated with hostname'))","HTTPConnectionPool(host='binasss.sa.cr', port=80): Max retries exceeded with url: / (Caused by NewConnectionError('<urllib3.connection.HTTPConnection object at 0x7f4105e48d00>: Failed to establish a new connection: [Errno -5] No address associated with hostname'))"
biocare.sk,"('Connection aborted.', RemoteDisconnected('Remote end closed connection without response'))","('Connection aborted.', RemoteDisconnected('Remote end closed connection without response'))"
birzeit.edu,"HTTPSConnectionPool(host='birzeit.edu', port=443): Max retries exceeded with url: / (Caused by ConnectTimeoutError(<urllib3.connection.HTTPSConnection object at 0x7f410e20be20>, 'Connection to birzeit.edu timed out. (connect timeout=2)'))","HTTPConnectionPool(host='birzeit.edu', port=80): Max retries exceeded with url: / (Caused by ConnectTimeoutError(<urllib3.connection.HTTPConnection object at 0x7f41081b0c70>, 'Connection to birzeit.edu timed out. (connect timeout=2)'))"
bisnis.com,Exceeded 30 redirects.,Exceeded 30 redirects.
bivica.org,"HTTPSConnectionPool(host='bivica.org', port=443): Read timed out. (read timeout=2)","HTTPSConnectionPool(host='www.bivica.org', port=443): Read timed out. (read timeout=2)"
biz.hr,"HTTPSConnectionPool(host='biz.hr', port=443): Max retries exceeded with url: / (Caused by SSLError(SSLCertVerificationError(""hostname 'biz.hr' doesn't match either of 'www.avalon.hr', 'avalon.hr'"")))","HTTPSConnectionPool(host='www.biz.hr', port=443): Max retries exceeded with url: / (Caused by SSLError(SSLCertVerificationError(""hostname 'www.biz.hr' doesn't match either of 'www.avalon.hr', 'avalon.hr'"")))"
biznes.gov.pl,"HTTPSConnectionPool(host='biznes.gov.pl', port=443): Max retries exceeded with url: / (Caused by SSLError(SSLError(1, '[SSL: DH_KEY_TOO_SMALL] dh key too small (_ssl.c:1129)')))","HTTPSConnectionPool(host='www.biznes.gov.pl', port=443): Max retries exceeded with url: / (Caused by SSLError(SSLError(1, '[SSL: DH_KEY_TOO_SMALL] dh key too small (_ssl.c:1129)')))"
biznis.rs,"HTTPSConnectionPool(host='biznis.rs', port=443): Read timed out. (read timeout=2)","HTTPSConnectionPool(host='biznis.rs', port=443): Read timed out. (read timeout=2)"
biznisgroup.com,"HTTPSConnectionPool(host='www.biznisgroup.com', port=443): Read timed out. (read timeout=2)","HTTPSConnectionPool(host='www.biznisgroup.com', port=443): Read timed out. (read timeout=2)"
bizref.sk,"HTTPSConnectionPool(host='bizref.sk', port=443): Max retries exceeded with url: / (Caused by SSLError(SSLError(1, '[SSL: DH_KEY_TOO_SMALL] dh key too small (_ssl.c:1129)')))","HTTPSConnectionPool(host='bizref.sk', port=443): Max retries exceeded with url: / (Caused by SSLError(SSLError(1, '[SSL: DH_KEY_TOO_SMALL] dh key too small (_ssl.c:1129)')))"
blackwoods.com.au,"HTTPSConnectionPool(host='blackwoods.com.au', port=443): Max retries exceeded with url: / (Caused by SSLError(SSLCertVerificationError(1, '[SSL: CERTIFICATE_VERIFY_FAILED] certificate verify failed: unable to get local issuer certificate (_ssl.c:1129)')))","HTTPSConnectionPool(host='www.blackwoods.com.au', port=443): Read timed out. (read timeout=2)"
blackxperience.com,"HTTPSConnectionPool(host='www.blackxperience.com', port=443): Read timed out. (read timeout=2)","HTTPSConnectionPool(host='www.blackxperience.com', port=443): Read timed out. (read timeout=2)"
blibli.com,"HTTPSConnectionPool(host='www.blibli.com', port=443): Read timed out. (read timeout=2)","HTTPSConnectionPool(host='www.blibli.com', port=443): Read timed out. (read timeout=2)"
blikopnieuws.nl,"HTTPSConnectionPool(host='blikopnieuws.nl', port=443): Max retries exceeded with url: / (Caused by SSLError(SSLCertVerificationError(""hostname 'blikopnieuws.nl' doesn't match 'www.blikopnieuws.nl'"")))","HTTPSConnectionPool(host='blikopnieuws.nl', port=443): Max retries exceeded with url: / (Caused by SSLError(SSLCertVerificationError(""hostname 'blikopnieuws.nl' doesn't match 'www.blikopnieuws.nl'"")))"
bloedjesnel.nl,"('Connection aborted.', RemoteDisconnected('Remote end closed connection without response'))","('Connection aborted.', RemoteDisconnected('Remote end closed connection without response'))"
blogcu.com,"HTTPSConnectionPool(host='blogcu.com', port=443): Max retries exceeded with url: / (Caused by ConnectTimeoutError(<urllib3.connection.HTTPSConnection object at 0x7f4104e48d00>, 'Connection to blogcu.com timed out. (connect timeout=2)'))","HTTPConnectionPool(host='blogcu.com', port=80): Max retries exceeded with url: / (Caused by ConnectTimeoutError(<urllib3.connection.HTTPConnection object at 0x7f410debd100>, 'Connection to blogcu.com timed out. (connect timeout=2)'))"
bloggang.com,"HTTPSConnectionPool(host='bloggang.com', port=443): Read timed out. (read timeout=2)","HTTPConnectionPool(host='bloggang.com', port=80): Read timed out. (read timeout=2)"
blogosfera.rs,"HTTPSConnectionPool(host='blogosfera.rs', port=443): Read timed out. (read timeout=2)","HTTPSConnectionPool(host='blogosfera.rs', port=443): Read timed out. (read timeout=2)"
bmwslo.com,"HTTPSConnectionPool(host='bmwslo.com', port=443): Max retries exceeded with url: / (Caused by SSLError(SSLError(1, '[SSL: DH_KEY_TOO_SMALL] dh key too small (_ssl.c:1129)')))","HTTPSConnectionPool(host='www.bmwslo.com', port=443): Max retries exceeded with url: / (Caused by SSLError(SSLError(1, '[SSL: DH_KEY_TOO_SMALL] dh key too small (_ssl.c:1129)')))"
bmykey.com,"HTTPSConnectionPool(host='bmykey.com', port=443): Max retries exceeded with url: / (Caused by NewConnectionError('<urllib3.connection.HTTPSConnection object at 0x7f41107779d0>: Failed to establish a new connection: [Errno -5] No address associated with hostname'))","HTTPConnectionPool(host='bmykey.com', port=80): Max retries exceeded with url: / (Caused by NewConnectionError('<urllib3.connection.HTTPConnection object at 0x7f41103baee0>: Failed to establish a new connection: [Errno -5] No address associated with hostname'))"
bn.br,"HTTPSConnectionPool(host='bn.br', port=443): Max retries exceeded with url: / (Caused by ConnectTimeoutError(<urllib3.connection.HTTPSConnection object at 0x7f41109002e0>, 'Connection to bn.br timed out. (connect timeout=2)'))","HTTPConnectionPool(host='bn.br', port=80): Max retries exceeded with url: / (Caused by ConnectTimeoutError(<urllib3.connection.HTTPConnection object at 0x7f4110b5f5b0>, 'Connection to bn.br timed out. (connect timeout=2)'))"
bncr.fi.cr,"HTTPSConnectionPool(host='bncr.fi.cr', port=443): Max retries exceeded with url: / (Caused by NewConnectionError('<urllib3.connection.HTTPSConnection object at 0x7f410a637490>: Failed to establish a new connection: [Errno -5] No address associated with hostname'))","HTTPConnectionPool(host='bncr.fi.cr', port=80): Max retries exceeded with url: / (Caused by NewConnectionError('<urllib3.connection.HTTPConnection object at 0x7f410f177910>: Failed to establish a new connection: [Errno -5] No address associated with hostname'))"
bne.es,"HTTPSConnectionPool(host='bne.es', port=443): Max retries exceeded with url: / (Caused by ConnectTimeoutError(<urllib3.connection.HTTPSConnection object at 0x7f410c067670>, 'Connection to bne.es timed out. (connect timeout=2)'))","HTTPConnectionPool(host='bne.es', port=80): Max retries exceeded with url: / (Caused by ConnectTimeoutError(<urllib3.connection.HTTPConnection object at 0x7f410debddf0>, 'Connection to bne.es timed out. (connect timeout=2)'))"
bnf.fr,"HTTPSConnectionPool(host='bnf.fr', port=443): Max retries exceeded with url: / (Caused by ConnectTimeoutError(<urllib3.connection.HTTPSConnection object at 0x7f41102281f0>, 'Connection to bnf.fr timed out. (connect timeout=2)'))","HTTPSConnectionPool(host='www.bnf.fr', port=443): Read timed out. (read timeout=2)"
bnportugal.gov.pt,"HTTPSConnectionPool(host='bnportugal.gov.pt', port=443): Max retries exceeded with url: / (Caused by NewConnectionError('<urllib3.connection.HTTPSConnection object at 0x7f4104e03850>: Failed to establish a new connection: [Errno -5] No address associated with hostname'))","HTTPConnectionPool(host='bnportugal.gov.pt', port=80): Max retries exceeded with url: / (Caused by NewConnectionError('<urllib3.connection.HTTPConnection object at 0x7f4106bbf640>: Failed to establish a new connection: [Errno -5] No address associated with hostname'))"
boasaude.com.br,"HTTPSConnectionPool(host='boasaude.com.br', port=443): Max retries exceeded with url: / (Caused by SSLError(SSLCertVerificationError(1, '[SSL: CERTIFICATE_VERIFY_FAILED] certificate verify failed: certificate has expired (_ssl.c:1129)')))","HTTPSConnectionPool(host='boasaude.com.br', port=443): Max retries exceeded with url: / (Caused by SSLError(SSLCertVerificationError(1, '[SSL: CERTIFICATE_VERIFY_FAILED] certificate verify failed: certificate has expired (_ssl.c:1129)')))"
boekwinkeltjes.nl,"HTTPSConnectionPool(host='www.boekwinkeltjes.nl', port=443): Read timed out. (read timeout=2)","HTTPConnectionPool(host='boekwinkeltjes.nl', port=80): Read timed out. (read timeout=2)"
bogtorvet.net,"HTTPSConnectionPool(host='bogtorvet.net', port=443): Max retries exceeded with url: / (Caused by SSLError(SSLCertVerificationError(1, '[SSL: CERTIFICATE_VERIFY_FAILED] certificate verify failed: unable to get local issuer certificate (_ssl.c:1129)')))","HTTPSConnectionPool(host='www.bogtorvet.net', port=443): Max retries exceeded with url: / (Caused by SSLError(SSLCertVerificationError(1, '[SSL: CERTIFICATE_VERIFY_FAILED] certificate verify failed: unable to get local issuer certificate (_ssl.c:1129)')))"
bohemia.bg,"HTTPSConnectionPool(host='bohemia.bg', port=443): Max retries exceeded with url: / (Caused by SSLError(SSLCertVerificationError(""hostname 'bohemia.bg' doesn't match 'www.bohemia.bg'"")))","HTTPSConnectionPool(host='bohemia.bg', port=443): Max retries exceeded with url: / (Caused by SSLError(SSLCertVerificationError(""hostname 'bohemia.bg' doesn't match 'www.bohemia.bg'"")))"
boletinoficial.gob.ar,"HTTPSConnectionPool(host='boletinoficial.gob.ar', port=443): Max retries exceeded with url: / (Caused by NewConnectionError('<urllib3.connection.HTTPSConnection object at 0x7f410f77a310>: Failed to establish a new connection: [Errno -5] No address associated with hostname'))","HTTPConnectionPool(host='boletinoficial.gob.ar', port=80): Max retries exceeded with url: / (Caused by NewConnectionError('<urllib3.connection.HTTPConnection object at 0x7f4107b80640>: Failed to establish a new connection: [Errno -5] No address associated with hostname'))"
