moi.gov.sa,"('Connection aborted.', ConnectionResetError(104, 'Connection reset by peer'))","('Connection aborted.', ConnectionResetError(104, 'Connection reset by peer'))"
moit.gov.vn,"HTTPSConnectionPool(host='moit.gov.vn', port=443): Max retries exceeded with url: / (Caused by SSLError(SSLCertVerificationError(1, '[SSL: CERTIFICATE_VERIFY_FAILED] certificate verify failed: unable to get local issuer certificate (_ssl.c:1129)')))","HTTPConnectionPool(host='moit.gov.vn', port=80): Read timed out. (read timeout=2)"
moj.go.jp,"HTTPSConnectionPool(host='moj.go.jp', port=443): Max retries exceeded with url: / (Caused by NewConnectionError('<urllib3.connection.HTTPSConnection object at 0x7fb669b3f850>: Failed to establish a new connection: [Errno -5] No address associated with hostname'))","HTTPConnectionPool(host='moj.go.jp', port=80): Max retries exceeded with url: / (Caused by NewConnectionError('<urllib3.connection.HTTPConnection object at 0x7fb66960b460>: Failed to establish a new connection: [Errno -5] No address associated with hostname'))"
moj.gov.sa,"HTTPSConnectionPool(host='moj.gov.sa', port=443): Max retries exceeded with url: / (Caused by SSLError(SSLCertVerificationError(1, '[SSL: CERTIFICATE_VERIFY_FAILED] certificate verify failed: unable to get local issuer certificate (_ssl.c:1129)')))","HTTPSConnectionPool(host='moj.gov.sa', port=443): Max retries exceeded with url: / (Caused by SSLError(SSLCertVerificationError(1, '[SSL: CERTIFICATE_VERIFY_FAILED] certificate verify failed: unable to get local issuer certificate (_ssl.c:1129)')))"
moja-delatnost.rs,"HTTPSConnectionPool(host='moja-delatnost.rs', port=443): Max retries exceeded with url: / (Caused by SSLError(SSLCertVerificationError(1, '[SSL: CERTIFICATE_VERIFY_FAILED] certificate verify failed: unable to get local issuer certificate (_ssl.c:1129)')))","HTTPSConnectionPool(host='moja-delatnost.rs', port=443): Max retries exceeded with url: / (Caused by SSLError(SSLCertVerificationError(1, '[SSL: CERTIFICATE_VERIFY_FAILED] certificate verify failed: unable to get local issuer certificate (_ssl.c:1129)')))"
mojakompanija.com,"HTTPSConnectionPool(host='www.mojakompanija.com', port=443): Read timed out. (read timeout=2)","HTTPSConnectionPool(host='www.mojakompanija.com', port=443): Read timed out. (read timeout=2)"
mojaljekarna.hr,"HTTPSConnectionPool(host='mojaljekarna.hr', port=443): Read timed out. (read timeout=2)","HTTPSConnectionPool(host='mojaljekarna.hr', port=443): Read timed out. (read timeout=2)"
mojevrijeme.hr,"HTTPSConnectionPool(host='www.mojevrijeme.hr', port=443): Read timed out. (read timeout=2)","HTTPSConnectionPool(host='www.mojevrijeme.hr', port=443): Read timed out. (read timeout=2)"
momoshop.com.tw,"('Connection aborted.', ConnectionResetError(104, 'Connection reset by peer'))","('Connection aborted.', ConnectionResetError(104, 'Connection reset by peer'))"
mondaq.com,"HTTPSConnectionPool(host='mondaq.com', port=443): Max retries exceeded with url: / (Caused by NewConnectionError('<urllib3.connection.HTTPSConnection object at 0x7fb66924ba00>: Failed to establish a new connection: [Errno -5] No address associated with hostname'))","HTTPConnectionPool(host='mondaq.com', port=80): Max retries exceeded with url: / (Caused by NewConnectionError('<urllib3.connection.HTTPConnection object at 0x7fb66672a940>: Failed to establish a new connection: [Errno -5] No address associated with hostname'))"
mondovolantino.it,"HTTPSConnectionPool(host='mondovolantino.it', port=443): Max retries exceeded with url: / (Caused by SSLError(SSLCertVerificationError(""hostname 'mondovolantino.it' doesn't match 'www.mondovolantino.it'"")))","HTTPSConnectionPool(host='mondovolantino.it', port=443): Max retries exceeded with url: / (Caused by SSLError(SSLCertVerificationError(""hostname 'mondovolantino.it' doesn't match 'www.mondovolantino.it'"")))"
montaggimobilitorino.it,"HTTPSConnectionPool(host='montaggimobilitorino.it', port=443): Read timed out. (read timeout=2)","HTTPConnectionPool(host='montaggimobilitorino.it', port=80): Read timed out. (read timeout=2)"
montreal.qc.ca,"HTTPSConnectionPool(host='montreal.qc.ca', port=443): Max retries exceeded with url: / (Caused by NewConnectionError('<urllib3.connection.HTTPSConnection object at 0x7fb669f90970>: Failed to establish a new connection: [Errno -5] No address associated with hostname'))","HTTPConnectionPool(host='montreal.qc.ca', port=80): Max retries exceeded with url: / (Caused by NewConnectionError('<urllib3.connection.HTTPConnection object at 0x7fb664fb2d30>: Failed to establish a new connection: [Errno -5] No address associated with hostname'))"
mopt.go.cr,"HTTPSConnectionPool(host='mopt.go.cr', port=443): Max retries exceeded with url: / (Caused by NewConnectionError('<urllib3.connection.HTTPSConnection object at 0x7fb66911d8e0>: Failed to establish a new connection: [Errno 101] Network is unreachable'))","HTTPConnectionPool(host='mopt.go.cr', port=80): Max retries exceeded with url: / (Caused by NewConnectionError('<urllib3.connection.HTTPConnection object at 0x7fb6671b0f40>: Failed to establish a new connection: [Errno 101] Network is unreachable'))"
morelos.gob.mx,"HTTPSConnectionPool(host='morelos.gob.mx', port=443): Max retries exceeded with url: / (Caused by SSLError(SSLCertVerificationError(1, '[SSL: CERTIFICATE_VERIFY_FAILED] certificate verify failed: unable to get local issuer certificate (_ssl.c:1129)')))","HTTPSConnectionPool(host='morelos.gob.mx', port=443): Max retries exceeded with url: / (Caused by SSLError(SSLCertVerificationError(1, '[SSL: CERTIFICATE_VERIFY_FAILED] certificate verify failed: unable to get local issuer certificate (_ssl.c:1129)')))"
mosquitoproject.org,"HTTPSConnectionPool(host='mosquitoproject.org', port=443): Read timed out. (read timeout=2)","HTTPConnectionPool(host='mosquitoproject.org', port=80): Read timed out. (read timeout=2)"
motorguia.net,"HTTPSConnectionPool(host='motorguia.net', port=443): Read timed out. (read timeout=2)","HTTPSConnectionPool(host='motorguia.net', port=443): Read timed out. (read timeout=2)"
mots.go.th,"HTTPSConnectionPool(host='mots.go.th', port=443): Read timed out. (read timeout=2)","HTTPSConnectionPool(host='mots.go.th', port=443): Read timed out. (read timeout=2)"
moviesroom.pl,"HTTPSConnectionPool(host='moviesroom.pl', port=443): Read timed out. (read timeout=2)","HTTPConnectionPool(host='moviesroom.pl', port=80): Read timed out. (read timeout=2)"
movistar.co,"HTTPSConnectionPool(host='www.movistar.co', port=443): Read timed out. (read timeout=2)","HTTPSConnectionPool(host='www.movistar.co', port=443): Read timed out. (read timeout=2)"
movistar.com.ar,"HTTPSConnectionPool(host='movistar.com.ar', port=443): Max retries exceeded with url: / (Caused by SSLError(SSLError(1, '[SSL: DH_KEY_TOO_SMALL] dh key too small (_ssl.c:1129)')))","HTTPSConnectionPool(host='movistar.com.ar', port=443): Max retries exceeded with url: / (Caused by SSLError(SSLError(1, '[SSL: DH_KEY_TOO_SMALL] dh key too small (_ssl.c:1129)')))"
movistarplus.es,"HTTPSConnectionPool(host='movistarplus.es', port=443): Max retries exceeded with url: / (Caused by SSLError(SSLCertVerificationError(""hostname 'movistarplus.es' doesn't match either of '*.dof6.com', 'dof6.com'"")))","HTTPSConnectionPool(host='www.movistar.es', port=443): Read timed out. (read timeout=2)"
mozaweb.com,"HTTPSConnectionPool(host='www.mozaweb.com', port=443): Read timed out. (read timeout=2)","HTTPSConnectionPool(host='www.mozaweb.com', port=443): Read timed out. (read timeout=2)"
mozaweb.hu,"HTTPSConnectionPool(host='www.mozaweb.hu', port=443): Read timed out. (read timeout=2)","HTTPSConnectionPool(host='www.mozaweb.hu', port=443): Read timed out. (read timeout=2)"
mp3kurt.net,"HTTPSConnectionPool(host='mp3kurt.net', port=443): Max retries exceeded with url: / (Caused by SSLError(SSLError(1, '[SSL: SSLV3_ALERT_HANDSHAKE_FAILURE] sslv3 alert handshake failure (_ssl.c:1129)')))","HTTPConnectionPool(host='mp3kurt.net', port=80): Read timed out. (read timeout=2)"
mp3mob.net,"HTTPSConnectionPool(host='mp3mob.net', port=443): Read timed out. (read timeout=2)","HTTPSConnectionPool(host='mp3mob.net', port=443): Read timed out. (read timeout=2)"
mrdiy.com.my,"HTTPSConnectionPool(host='www.mrdiy.com.my', port=443): Read timed out. (read timeout=2)","HTTPSConnectionPool(host='www.mrdiy.com.my', port=443): Read timed out. (read timeout=2)"
mrrb.bg,"HTTPSConnectionPool(host='www.mrrb.bg', port=443): Read timed out. (read timeout=2)","HTTPConnectionPool(host='mrrb.bg', port=80): Read timed out. (read timeout=2)"
ms.ro,"HTTPSConnectionPool(host='ms.ro', port=443): Max retries exceeded with url: / (Caused by NewConnectionError('<urllib3.connection.HTTPSConnection object at 0x7fb65f653be0>: Failed to establish a new connection: [Errno 101] Network is unreachable'))","HTTPConnectionPool(host='ms.ro', port=80): Max retries exceeded with url: / (Caused by NewConnectionError('<urllib3.connection.HTTPConnection object at 0x7fb6638ba460>: Failed to establish a new connection: [Errno 101] Network is unreachable'))"
mscbs.gob.es,"HTTPSConnectionPool(host='mscbs.gob.es', port=443): Max retries exceeded with url: / (Caused by NewConnectionError('<urllib3.connection.HTTPSConnection object at 0x7fb667fe08b0>: Failed to establish a new connection: [Errno -5] No address associated with hostname'))","HTTPConnectionPool(host='mscbs.gob.es', port=80): Max retries exceeded with url: / (Caused by NewConnectionError('<urllib3.connection.HTTPConnection object at 0x7fb668834f70>: Failed to establish a new connection: [Errno -5] No address associated with hostname'))"
msp.gob.ec,"HTTPSConnectionPool(host='msp.gob.ec', port=443): Max retries exceeded with url: / (Caused by NewConnectionError('<urllib3.connection.HTTPSConnection object at 0x7fb664fa6580>: Failed to establish a new connection: [Errno 111] Connection refused'))","HTTPConnectionPool(host='msp.gob.ec', port=80): Max retries exceeded with url: / (Caused by NewConnectionError('<urllib3.connection.HTTPConnection object at 0x7fb669a5b340>: Failed to establish a new connection: [Errno 111] Connection refused'))"
mspas.gob.gt,"HTTPSConnectionPool(host='mspas.gob.gt', port=443): Max retries exceeded with url: / (Caused by SSLError(SSLCertVerificationError(1, '[SSL: CERTIFICATE_VERIFY_FAILED] certificate verify failed: unable to get local issuer certificate (_ssl.c:1129)')))","HTTPSConnectionPool(host='mspas.gob.gt', port=443): Max retries exceeded with url: / (Caused by SSLError(SSLCertVerificationError(1, '[SSL: CERTIFICATE_VERIFY_FAILED] certificate verify failed: unable to get local issuer certificate (_ssl.c:1129)')))"
msudrf.ru,"HTTPSConnectionPool(host='msudrf.ru', port=443): Max retries exceeded with url: / (Caused by SSLError(SSLCertVerificationError(1, '[SSL: CERTIFICATE_VERIFY_FAILED] certificate verify failed: unable to get local issuer certificate (_ssl.c:1129)')))","HTTPConnectionPool(host='msudrf.ru', port=80): Read timed out. (read timeout=2)"
mt.gov.vn,"HTTPSConnectionPool(host='mt.gov.vn', port=443): Read timed out. (read timeout=2)","HTTPSConnectionPool(host='mt.gov.vn', port=443): Read timed out. (read timeout=2)"
mtroos.com,"HTTPSConnectionPool(host='mtroos.com', port=443): Read timed out. (read timeout=2)","HTTPSConnectionPool(host='mtroos.com', port=443): Read timed out. (read timeout=2)"
mufg.jp,"HTTPSConnectionPool(host='mufg.jp', port=443): Max retries exceeded with url: / (Caused by NewConnectionError('<urllib3.connection.HTTPSConnection object at 0x7fb6687422e0>: Failed to establish a new connection: [Errno -5] No address associated with hostname'))","HTTPConnectionPool(host='mufg.jp', port=80): Max retries exceeded with url: / (Caused by NewConnectionError('<urllib3.connection.HTTPConnection object at 0x7fb65f502a90>: Failed to establish a new connection: [Errno -5] No address associated with hostname'))"
multicoisas.com.br,"('Connection aborted.', RemoteDisconnected('Remote end closed connection without response'))","('Connection aborted.', RemoteDisconnected('Remote end closed connection without response'))"
murciasalud.es,"HTTPSConnectionPool(host='murciasalud.es', port=443): Max retries exceeded with url: / (Caused by SSLError(SSLCertVerificationError(""hostname 'murciasalud.es' doesn't match 'www.murciasalud.es'"")))","HTTPConnectionPool(host='www.murciasalud.es', port=80): Read timed out. (read timeout=2)"
musor.tv,Exceeded 30 redirects.,Exceeded 30 redirects.
muycomputer.com,"HTTPSConnectionPool(host='www.muycomputer.com', port=443): Read timed out. (read timeout=2)","HTTPSConnectionPool(host='www.muycomputer.com', port=443): Read timed out. (read timeout=2)"
muzika.hr,"('Connection aborted.', RemoteDisconnected('Remote end closed connection without response'))","('Connection aborted.', RemoteDisconnected('Remote end closed connection without response'))"
muzikbahcesi.com,"HTTPSConnectionPool(host='muzikbahcesi.com', port=443): Read timed out.","HTTPSConnectionPool(host='muzikbahcesi.com', port=443): Read timed out."
mvb.lt,"HTTPSConnectionPool(host='mvb.lt', port=443): Max retries exceeded with url: / (Caused by NewConnectionError('<urllib3.connection.HTTPSConnection object at 0x7fb65f5c9250>: Failed to establish a new connection: [Errno -5] No address associated with hostname'))","HTTPConnectionPool(host='mvb.lt', port=80): Max retries exceeded with url: / (Caused by NewConnectionError('<urllib3.connection.HTTPConnection object at 0x7fb668e7b5b0>: Failed to establish a new connection: [Errno -5] No address associated with hostname'))"
mvep.hr,"HTTPSConnectionPool(host='mvep.hr', port=443): Max retries exceeded with url: / (Caused by NewConnectionError('<urllib3.connection.HTTPSConnection object at 0x7fb662881a00>: Failed to establish a new connection: [Errno -5] No address associated with hostname'))","HTTPConnectionPool(host='mvep.hr', port=80): Max retries exceeded with url: / (Caused by NewConnectionError('<urllib3.connection.HTTPConnection object at 0x7fb667a09a90>: Failed to establish a new connection: [Errno -5] No address associated with hostname'))"
mxplayer.in,"('Connection aborted.', ConnectionResetError(104, 'Connection reset by peer'))","('Connection aborted.', RemoteDisconnected('Remote end closed connection without response'))"
my.gov.sa,"HTTPSConnectionPool(host='www.my.gov.sa', port=443): Read timed out. (read timeout=2)","HTTPSConnectionPool(host='www.my.gov.sa', port=443): Read timed out."
mydns.jp,"HTTPSConnectionPool(host='mydns.jp', port=443): Max retries exceeded with url: / (Caused by NewConnectionError('<urllib3.connection.HTTPSConnection object at 0x7fb669372c70>: Failed to establish a new connection: [Errno -5] No address associated with hostname'))","HTTPConnectionPool(host='mydns.jp', port=80): Max retries exceeded with url: / (Caused by NewConnectionError('<urllib3.connection.HTTPConnection object at 0x7fb65ddd9520>: Failed to establish a new connection: [Errno -5] No address associated with hostname'))"
myhealth.gov.my,"HTTPSConnectionPool(host='myhealth.gov.my', port=443): Max retries exceeded with url: / (Caused by NewConnectionError('<urllib3.connection.HTTPSConnection object at 0x7fb65f1715e0>: Failed to establish a new connection: [Errno 111] Connection refused'))","HTTPConnectionPool(host='www.myhealth.gov.my', port=80): Max retries exceeded with url: / (Caused by NewConnectionError('<urllib3.connection.HTTPConnection object at 0x7fb65dc98e20>: Failed to establish a new connection: [Errno -3] Temporary failure in name resolution'))"
mylook.ee,"HTTPSConnectionPool(host='www.mylook.ee', port=443): Read timed out. (read timeout=2)","HTTPSConnectionPool(host='www.mylook.ee', port=443): Read timed out. (read timeout=2)"
myntra.com,"HTTPSConnectionPool(host='www.myntra.com', port=443): Read timed out. (read timeout=2)","HTTPSConnectionPool(host='www.myntra.com', port=443): Read timed out. (read timeout=2)"
myq-see.com,"HTTPSConnectionPool(host='myq-see.com', port=443): Max retries exceeded with url: / (Caused by NewConnectionError('<urllib3.connection.HTTPSConnection object at 0x7fb65dc0eaf0>: Failed to establish a new connection: [Errno -3] Temporary failure in name resolution'))","HTTPConnectionPool(host='myq-see.com', port=80): Max retries exceeded with url: / (Caused by NewConnectionError('<urllib3.connection.HTTPConnection object at 0x7fb65dcd9af0>: Failed to establish a new connection: [Errno -3] Temporary failure in name resolution'))"
myshop.lk,"HTTPSConnectionPool(host='www.myshop.lk', port=443): Read timed out. (read timeout=2)","HTTPSConnectionPool(host='www.myshop.lk', port=443): Read timed out. (read timeout=2)"
mysound.jp,"HTTPSConnectionPool(host='mysound.jp', port=443): Max retries exceeded with url: / (Caused by SSLError(SSLError(1, '[SSL: WRONG_SIGNATURE_TYPE] wrong signature type (_ssl.c:1129)')))","HTTPSConnectionPool(host='mysound.jp', port=443): Max retries exceeded with url: / (Caused by SSLError(SSLError(1, '[SSL: WRONG_SIGNATURE_TYPE] wrong signature type (_ssl.c:1129)')))"
n-sport.net,"HTTPSConnectionPool(host='n-sport.net', port=443): Max retries exceeded with url: / (Caused by NewConnectionError('<urllib3.connection.HTTPSConnection object at 0x7fb663b99760>: Failed to establish a new connection: [Errno -5] No address associated with hostname'))","HTTPConnectionPool(host='n-sport.net', port=80): Max retries exceeded with url: / (Caused by NewConnectionError('<urllib3.connection.HTTPConnection object at 0x7fb66704e850>: Failed to establish a new connection: [Errno -5] No address associated with hostname'))"
nadra.gov.pk,"HTTPSConnectionPool(host='www.nadra.gov.pk', port=443): Read timed out. (read timeout=2)","HTTPSConnectionPool(host='www.nadra.gov.pk', port=443): Read timed out. (read timeout=2)"
naftemporiki.gr,"HTTPSConnectionPool(host='naftemporiki.gr', port=443): Read timed out. (read timeout=2)","HTTPSConnectionPool(host='naftemporiki.gr', port=443): Read timed out. (read timeout=2)"
nagano.lg.jp,"HTTPSConnectionPool(host='nagano.lg.jp', port=443): Max retries exceeded with url: / (Caused by NewConnectionError('<urllib3.connection.HTTPSConnection object at 0x7fb662852a90>: Failed to establish a new connection: [Errno -5] No address associated with hostname'))","HTTPConnectionPool(host='nagano.lg.jp', port=80): Max retries exceeded with url: / (Caused by NewConnectionError('<urllib3.connection.HTTPConnection object at 0x7fb6685f2fa0>: Failed to establish a new connection: [Errno -5] No address associated with hostname'))"
nagoya-u.ac.jp,"HTTPSConnectionPool(host='nagoya-u.ac.jp', port=443): Max retries exceeded with url: / (Caused by NewConnectionError('<urllib3.connection.HTTPSConnection object at 0x7fb66832a5b0>: Failed to establish a new connection: [Errno -5] No address associated with hostname'))","HTTPConnectionPool(host='nagoya-u.ac.jp', port=80): Max retries exceeded with url: / (Caused by NewConnectionError('<urllib3.connection.HTTPConnection object at 0x7fb668b0b4f0>: Failed to establish a new connection: [Errno -5] No address associated with hostname'))"
naijanews.com,"HTTPSConnectionPool(host='naijanews.com', port=443): Read timed out. (read timeout=2)","HTTPSConnectionPool(host='naijanews.com', port=443): Read timed out. (read timeout=2)"
naijavibes.com,"HTTPSConnectionPool(host='naijavibes.com', port=443): Read timed out. (read timeout=2)","HTTPSConnectionPool(host='www.naijavibes.com', port=443): Read timed out. (read timeout=2)"
nairobiwire.com,"HTTPSConnectionPool(host='nairobiwire.com', port=443): Read timed out. (read timeout=2)","HTTPConnectionPool(host='nairobiwire.com', port=80): Read timed out. (read timeout=2)"
najrecepty.sk,"HTTPSConnectionPool(host='www.najrecepty.sk', port=443): Read timed out. (read timeout=2)","HTTPSConnectionPool(host='www.najrecepty.sk', port=443): Read timed out. (read timeout=2)"
nam.fi,"HTTPSConnectionPool(host='nam.fi', port=443): Max retries exceeded with url: / (Caused by NewConnectionError('<urllib3.connection.HTTPSConnection object at 0x7fb6683f0e80>: Failed to establish a new connection: [Errno -5] No address associated with hostname'))","HTTPConnectionPool(host='nam.fi', port=80): Max retries exceeded with url: / (Caused by NewConnectionError('<urllib3.connection.HTTPConnection object at 0x7fb65f4ed7f0>: Failed to establish a new connection: [Errno -5] No address associated with hostname'))"
naoussa.be,"HTTPSConnectionPool(host='naoussa.be', port=443): Max retries exceeded with url: / (Caused by NewConnectionError('<urllib3.connection.HTTPSConnection object at 0x7fb667253f40>: Failed to establish a new connection: [Errno -2] Name or service not known'))","HTTPConnectionPool(host='naoussa.be', port=80): Max retries exceeded with url: / (Caused by NewConnectionError('<urllib3.connection.HTTPConnection object at 0x7fb66215f7c0>: Failed to establish a new connection: [Errno -2] Name or service not known'))"
nasdaq.com,"HTTPSConnectionPool(host='www.nasdaq.com', port=443): Read timed out. (read timeout=2)","HTTPConnectionPool(host='www.nasdaq.com', port=80): Read timed out. (read timeout=2)"
nasezdravie.sk,"('Connection aborted.', RemoteDisconnected('Remote end closed connection without response'))","('Connection aborted.', RemoteDisconnected('Remote end closed connection without response'))"
natural-soap-directory.org,"HTTPSConnectionPool(host='natural-soap-directory.org', port=443): Max retries exceeded with url: / (Caused by NewConnectionError('<urllib3.connection.HTTPSConnection object at 0x7fb65f161c40>: Failed to establish a new connection: [Errno -2] Name or service not known'))","HTTPConnectionPool(host='natural-soap-directory.org', port=80): Max retries exceeded with url: / (Caused by NewConnectionError('<urllib3.connection.HTTPConnection object at 0x7fb65f6147f0>: Failed to establish a new connection: [Errno -2] Name or service not known'))"
naturum.ne.jp,"HTTPSConnectionPool(host='naturum.ne.jp', port=443): Max retries exceeded with url: / (Caused by SSLError(SSLError(1, '[SSL: DH_KEY_TOO_SMALL] dh key too small (_ssl.c:1129)')))","HTTPSConnectionPool(host='naturum.ne.jp', port=443): Max retries exceeded with url: / (Caused by SSLError(SSLError(1, '[SSL: DH_KEY_TOO_SMALL] dh key too small (_ssl.c:1129)')))"
